AGLOMERADO,PORCENTAJE
32,75.96500377786992
19,68.09931739384685
23,64.68327183271832
2,61.67507383497556
6,60.72680152432991
